0,2
1,2
2,54
3,155
4,2
5,1550
6,44
7,220
8,7
9,83
10,112
11,收藏
12,1
13,38
14,46
15,221
16,1
17,57
18,53
19,1
20,90
21,1
22,138
23,收藏
24,1
25,14
26,收藏
27,15
28,247
29,83
30,11
31,2
32,10
33,15
34,245
35,4
36,101
37,1.0万
38,收藏
39,108
40,7
41,1
42,30
43,173
44,8
45,159
46,收藏
47,6250
48,5
49,收藏
50,77
51,收藏
52,收藏
53,5
54,8
55,9
56,2
57,5
58,1
59,2
60,1
61,84
62,18
63,5
64,82
65,2
66,1620
67,6
68,90
69,1
70,1
71,24
72,111
73,630
74,1344
75,76
76,12
77,25
78,4
79,241
80,2
81,6
82,6
83,10
84,27
85,收藏
86,12
87,142
88,13
89,3
90,21
91,6
92,收藏
93,294
94,3
95,2
96,3
97,64
98,收藏
99,1
100,1
101,131
102,5
103,1
104,127
105,25
106,28
107,103
108,80
109,156
110,27
111,4
112,2261
113,266
114,619
115,16
116,8
117,3
118,1
119,收藏
120,33
121,7
122,309
123,3
124,249
125,1
126,2119
127,2
128,36
129,11
130,158
131,11
132,1474
133,185
134,44
135,4
136,5
137,104
138,5
139,41
140,183
141,565
142,58
143,44
144,2
145,1
146,4
147,2920
148,4
149,8482
150,7
151,2126
152,105
153,1
154,4
155,5
156,16
157,18
158,371
159,4
160,5
161,12
162,11.6万
163,70
164,175
165,4
166,639
167,5
168,3010
169,1
170,1
171,41
172,40
173,4
174,66
175,11
176,1
177,11
178,1
179,53
180,229
181,10
182,146
183,284
184,6
185,445
186,2
187,19
188,31
189,1
190,226
191,32
192,18
193,2
194,4
195,60
196,83
197,1
198,28
199,78
200,16
201,16
202,10
203,11
204,11
205,3
206,4
207,112
208,2
209,1241
210,2
211,14
212,55
213,8
214,61
215,6
216,1
217,125
218,39
219,3
220,84
221,5
222,5
223,5
224,10
225,353
226,2
