0,175
1,668
2,194
3,收藏
4,22
5,1
6,9
7,10
8,2
9,1
10,1
11,43
12,140
13,9
14,257
15,136
16,48
17,2
18,收藏
19,137
20,收藏
21,6
22,9
23,57
24,447
25,201
26,41
27,83
28,14
29,328
30,186
31,193
32,8
33,34
34,收藏
35,1
36,6
37,115
38,14
39,32
40,2
41,776
42,1
43,35
44,5115
45,收藏
46,收藏
47,142
48,27
49,98
50,77
51,25
52,66
53,359
54,7
55,4
56,43
57,114
58,2
59,235
60,15
61,2
62,1
63,235
64,31
65,64
66,31
67,549
68,收藏
69,收藏
70,收藏
71,收藏
72,8
73,收藏
74,20
75,7
76,91
77,155
78,5
79,3
80,115
81,66
82,27
83,9
84,17
85,4
86,5
87,收藏
88,211
89,178
90,119
91,162
92,收藏
93,1
94,26
95,6
96,收藏
97,10
98,83
99,40
100,45
101,3
102,24
103,5
104,5
105,28
106,547
107,22
108,80
109,32
110,13
111,44
112,23
113,3151
114,收藏
115,7
116,414
117,7
118,105
119,收藏
120,6
121,141
122,2
123,110
124,3893
125,518
126,160
127,2
128,1
129,8
130,70
131,47
132,收藏
133,5
134,收藏
135,21
136,收藏
137,32
138,757
139,4
140,1
141,1
142,收藏
143,1287
144,72
145,10
146,9
147,28
148,758
149,119
150,68
151,6707
152,225
153,35
154,143
155,52
156,13
157,138
158,1069
159,1
160,收藏
161,1
162,1
163,126
164,1
165,收藏
166,143
167,32
168,收藏
169,收藏
170,56
171,4
172,15
173,81
174,19
175,18
176,634
177,56
178,242
179,506
180,35
181,1
182,10
183,8
184,2372
185,15
186,84
187,2264
188,188
189,21
190,3
191,5
192,1
193,141
194,18
195,1288
196,3
197,76
198,43
199,13
200,26
201,246
202,收藏
203,9
204,2
205,收藏
206,1
207,73
208,532
209,收藏
210,5
211,28
212,7
213,206
214,4
215,8
216,收藏
217,11
218,17
219,1
220,164
221,39
222,115
223,254
224,3
225,234
226,12
227,117
228,27
229,185
230,41
231,6
232,55
233,1095
234,55
235,22
236,46
237,7004
238,127
239,380
240,4
241,收藏
242,10
243,94
244,12
245,14
246,6
247,36
248,127
249,7
250,74
251,5
252,2
253,17
254,收藏
255,225
256,1
257,13
258,990
259,4
260,42
261,1516
262,32
263,收藏
264,17
265,27
266,1796
267,5
268,8
269,收藏
270,16
271,1
272,7
273,收藏
274,67
275,收藏
276,174
277,3
278,21
279,19
280,1
281,4
282,1
283,595
284,11
285,1088
286,收藏
287,8
288,收藏
289,13
290,615
291,31
292,43
293,2
294,81
