0,13
1,100
2,3
3,10
4,17
5,2
6,6
7,169
8,1950
9,29
10,79
11,4
12,收藏
13,12
14,65
15,1
16,2
17,1
18,1
19,9
20,211
21,149
22,7
23,收藏
24,6
25,1
26,64
27,3
28,9
29,27
30,7
31,134
32,1
33,24
34,收藏
35,31
36,5
37,9
38,54
39,2
40,收藏
41,收藏
42,10
43,收藏
44,1
45,收藏
46,453
47,70
48,136
49,94
50,45
51,7
52,21
53,235
54,105
55,224
56,47
57,983
58,收藏
59,7
60,20
61,410
62,288
63,24
64,146
65,收藏
66,34
67,3993
68,3
69,40
70,5
71,663
72,1.6万
73,10
74,35
75,2
76,收藏
77,收藏
78,66
79,2
80,收藏
81,319
82,1
83,51
84,10
85,21
86,6
87,4
88,934
89,248
90,9
91,1253
92,4
93,收藏
94,收藏
95,9
96,3
97,52
98,收藏
99,43
100,4
101,86
102,收藏
103,1
104,5
105,收藏
106,26
107,37
108,13
109,71
110,33
111,1716
112,2
113,3
114,671
115,4
116,87
117,1
118,305
119,76
120,43
121,66
122,40
123,4
124,1
125,34
126,912
127,24
128,2969
129,348
130,153
131,4
132,收藏
133,60
134,14
135,收藏
136,1
137,6
138,42
139,92
140,53
141,92
142,收藏
143,19
144,17
145,601
146,收藏
147,9
148,28
149,15
150,501
151,570
152,1
153,2
154,194
155,3
156,30
157,收藏
158,收藏
159,34
160,1
161,1
162,1259
163,16
164,77
165,174
166,收藏
167,57
168,收藏
169,87
170,42
171,987
172,20
173,20
174,15
175,1
176,926
177,54
178,4
179,2459
180,11
181,72
182,收藏
183,7
184,10
185,75
186,98
187,3
188,收藏
189,收藏
190,3
191,6
192,1
193,收藏
194,227
195,58
196,69
197,325
198,380
199,1
200,347
201,收藏
202,9
203,5
204,9
205,138
206,47
207,44
208,1
209,334
210,11
211,21
212,2
213,4
214,107
215,22
216,收藏
217,149
218,收藏
219,5
220,1
221,收藏
222,36
223,收藏
224,516
225,44
226,收藏
227,收藏
228,17
229,10
230,5
231,59
232,62
233,77
234,150
235,7
236,5
237,12
238,452
239,41
240,4
241,7
242,4317
243,收藏
244,收藏
245,408
246,1028
247,38
248,430
249,12
250,3
251,55
252,132
253,18
254,69
255,10
256,152
257,89
258,47
259,收藏
260,17
261,收藏
262,6284
263,774
264,354
265,2
266,90
267,222
268,20
269,86
270,收藏
271,6
272,8
273,67
274,收藏
275,3
276,23
277,2
278,3
279,44
280,23
281,收藏
282,1
283,669
284,15
285,收藏
286,136
287,1
288,99
289,180
290,1
291,37
292,2
293,收藏
294,55
295,74
296,1
297,收藏
298,227
299,12
300,2
301,129
302,60
303,267
304,13
305,123
306,6
307,56
308,收藏
309,收藏
310,44
311,收藏
312,收藏
313,收藏
314,收藏
315,165
316,99
317,3
318,1
319,6
