0,7
1,382
2,4
3,15
4,2
5,20
6,46
7,140
8,887
9,26
10,收藏
11,1
12,7
13,83
14,1
15,7
16,769
17,29
18,1
19,2
20,1458
21,21
22,3
23,30
24,26
25,16
26,2
27,8
28,1.0万
29,245
30,45
31,13
32,21
33,70
34,1
35,收藏
36,1
37,收藏
38,59
39,收藏
40,1
41,收藏
42,116
43,334
44,83
45,192
46,16
47,6
48,72
49,55
50,收藏
51,11
52,7
53,117
54,18
55,收藏
56,1
57,3
58,3
59,收藏
60,30
61,1
62,收藏
63,98
64,176
65,109
66,51
67,3
68,25
69,收藏
70,收藏
71,1
72,6
73,2
74,收藏
75,90
76,1
77,15
78,7
79,10
80,4
81,8
82,128
83,26
84,1
85,收藏
86,67
87,40
88,94
89,1
90,8
91,2
92,910
93,5
94,39
95,41
96,30
97,47
98,16
99,138
100,收藏
101,24
102,收藏
103,收藏
104,80
105,54
106,2
107,收藏
108,1
109,16
110,320
111,1
112,13
113,4
114,2
115,37
116,38
117,586
118,630
119,161
120,2
121,11
122,6
123,收藏
124,5
125,1125
126,收藏
127,42
128,3146
129,21
130,15
131,74
132,27
133,83
134,19
135,64
136,收藏
137,56
138,82
139,53
140,93
141,收藏
142,1
143,20
144,8
145,1
146,97
147,67
148,862
149,61
150,50
151,27
152,19
153,227
154,3
155,108
156,6
157,72
158,45
159,250
160,206
161,4
162,57
163,19
164,1330
165,2
166,3
167,10
168,2
169,34
170,36
171,33
172,4
173,2
174,27
175,收藏
176,2
177,7
178,收藏
179,207
180,102
181,1008
182,3
183,5047
184,收藏
185,242
186,35
187,33
188,收藏
189,10
190,341
191,1
192,7
193,45
194,1
195,80
196,收藏
197,3
198,164
199,38
200,16
201,46
202,3
203,4
204,271
205,85
206,289
207,1088
208,107
209,2
210,255
211,2120
212,83
213,5500
214,40
215,3
216,15
217,14
218,246
219,17
220,17
221,21
222,收藏
223,21
224,收藏
225,92
226,2
227,22
228,9
229,30
230,40
231,107
232,1223
233,27
234,6863
235,1968
236,439
237,1
238,731
239,8
240,36
241,12
242,339
243,37
244,1
245,184
246,收藏
247,收藏
248,收藏
249,75
250,173
251,47
252,1.2万
253,6
254,55
255,176
256,7
257,1
258,14
259,收藏
260,13
261,45
262,159
263,12
264,收藏
265,3
266,2875
267,7
268,2
269,收藏
270,10
271,18
272,17
273,80
274,44
275,2
276,30
277,1
278,291
279,3
280,13
281,1
282,105
283,67
284,75
285,37
286,5
287,45
288,118
289,5
290,139
291,6
292,5
293,553
294,813
295,收藏
296,10
297,6
298,收藏
299,8
300,1220
301,2
302,8086
303,36
304,30
305,1
306,1891
307,收藏
308,6
309,37
310,21
311,收藏
312,128
313,108
314,9
315,771
316,92
317,11
318,32
319,收藏
320,3
321,552
322,303
323,3
324,21
325,1
326,收藏
327,7
328,167
329,18
330,25
331,39
332,7
333,收藏
334,收藏
335,13
336,709
337,7
338,5
339,10
340,730
341,3
342,1
343,21
344,66
345,251
346,2
347,11
348,59
349,329
350,16
351,23
352,65
353,58
354,6
355,9
356,1398
357,收藏
358,211
359,104
360,6
361,135
362,16
363,54
364,47
365,45
366,4
367,1613
368,5
369,6
370,1
371,27
372,1
373,1
374,收藏
375,790
376,23
377,28
378,收藏
379,282
380,收藏
381,12
382,1
383,3
384,358
385,161
386,42
387,1
388,829
389,11
390,收藏
391,32
392,599
393,31
394,41
395,18
396,90
397,7
398,收藏
399,936
400,728
401,112
402,55
403,3
404,84
405,收藏
406,18
407,收藏
408,52
409,106
410,141
411,收藏
412,104
413,47
414,274
415,6
416,609
417,5
418,收藏
419,760
420,203
421,2
422,22
423,收藏
424,收藏
425,30
426,8
427,收藏
428,271
429,78
430,13
431,1285
432,338
433,343
434,2
435,收藏
436,8
437,7
438,10
439,1
440,7
441,收藏
442,257
443,634
444,11
445,1
446,收藏
447,11
448,2
449,6
450,78
451,收藏
452,27
453,收藏
454,14
455,16
456,130
457,16
458,396
459,3
460,收藏
461,1
462,2
463,40
464,收藏
465,7
466,2808
467,16
468,7
469,8
470,收藏
471,收藏
472,22
473,6
474,22
475,89
476,37
477,55
478,1439
479,9
480,收藏
481,8
482,收藏
483,42
484,20
485,收藏
486,17
487,107
488,4
489,收藏
490,1
491,29
492,240
493,3
494,49
495,17
496,14
497,2967
498,18
499,24
500,237
501,7
502,4
503,1
504,28
505,79
506,6
507,3
508,收藏
509,71
510,102
511,69
512,收藏
513,551
514,收藏
515,42
516,35
517,7
518,2
519,33
520,7
521,11
522,266
523,9
524,211
525,收藏
526,18
527,11
528,172
529,239
530,6
531,152
532,171
533,5
534,收藏
535,483
536,136
537,收藏
538,11
539,151
540,42
541,145
542,2
543,1
544,2
545,3
546,收藏
547,1836
548,1066
549,12
550,8
551,收藏
552,2
553,141
554,134
555,49
556,15
557,209
558,1225
559,40
560,508
561,2
562,76
563,8
564,43
565,763
566,收藏
567,225
568,1
569,81
570,4
571,88
572,收藏
573,222
574,224
575,3
576,4
577,129
578,5
579,4
580,1
581,2
582,收藏
583,12
584,收藏
585,收藏
586,285
587,1
588,收藏
589,1
590,87
591,54
592,1
593,21
594,1183
595,收藏
596,9
597,34
598,65
599,21
600,70
601,416
602,11
603,32
604,收藏
605,5
606,22
607,140
608,收藏
609,72
610,28
611,1594
612,7
613,10
614,229
615,收藏
616,564
617,63
618,1
619,1
620,86
621,61
622,138
623,439
624,2
625,65
626,57
627,93
628,10
629,66
630,290
631,40
632,收藏
633,2
634,37
635,4
636,收藏
637,7
638,553
639,165
640,59
641,13
642,70
643,3
644,1
645,133
646,1
647,8
648,7
649,35
650,17
651,13
652,1471
653,3
654,3
655,15
656,18
657,122
658,8
659,1
660,2
661,504
662,收藏
663,368
664,24
665,11
666,129
667,69
668,178
669,42
670,8
671,12
672,57
673,56
674,66
675,5
676,2
677,106
678,收藏
679,46
680,646
681,1
682,417
683,39
684,4
685,584
686,57
687,617
688,1
689,2
690,125
691,86
692,2
693,3
694,29
695,收藏
696,211
697,2618
698,455
699,336
700,3
701,1
702,6
703,336
704,119
705,5
706,23
707,3
708,23
709,6939
710,174
711,2
712,79
713,4
714,收藏
715,10
716,1
717,120
718,15
719,收藏
720,61
721,13
722,17
723,27
724,4
725,2
726,20
727,72
728,47
729,38
730,58
731,71
732,2
733,3
734,收藏
735,27
736,5
737,2
738,88
739,7
740,收藏
741,1
742,62
743,7
744,1
745,78
746,579
747,1
748,91
749,29
750,1028
751,2
752,158
753,102
754,5
755,1
756,收藏
757,672
758,4
759,132
760,收藏
761,1
762,收藏
763,收藏
764,收藏
765,17
766,3
